Metric,Score
Accuracy,0.9911220350820641
Precision,0.9910461366428823
Recall,0.9911220350820641
F1 Score,0.9901928385892264
